pageUrl,videoPageUrl,directVideoUrl,title,thumbnail,description,category,tags,duration,uploadDate,views,author
https://xhamster.com/videos/housekeeper-helps-the-landlord-relax-xhAvZ3c,https://xhamster.com/videos/housekeeper-helps-the-landlord-relax-xhAvZ3c,,Housekeeper Helps the Landlord Relax,"https://ic-vt-nss.xhpingcdn.com/a/Yzk3ZmNmMjRlODQ3MDcwZTIwMjhjZmY0MGY3NGMwM2E/s(w:1280,h:720),webp/024/509/646/1280x720.17125990.jpg","Watch Housekeeper Helps the Landlord Relax porn. Starring: Stanley Johnson, Ara Mix. Channel: DEWYX. Category: Housewife, Skinny, Cum in Mouth, Cowgirl, Couple. Enjoy this Full-Length 4K XXX sex video and more!",videos,,,,,
https://xhamster.com/videos/a-hot-reunion-with-an-old-friend-full-version-xhkQhsc,https://xhamster.com/videos/a-hot-reunion-with-an-old-friend-full-version-xhkQhsc,,A Hot Reunion with an Old Friend - Full Version,"https://ic-vt-nss.xhpingcdn.com/a/M2IxNDQ3Mjg5ZTRjMzk5OTM3Y2JhZmRiYzA4MmNkMzQ/s(w:1280,h:720),webp/026/372/828/1280x720.17456312.jpg","Watch A Hot Reunion with an Old Friend - Full Version porn. Starring: Larry Steel, Kama Oxi. Channel: DEWYX. Category: Romantic, Skinny, Stockings, Lingerie, Beauty. Enjoy this 4K XXX sex video and more!",videos,,,,,
https://xhamster.com/videos/robs-thundercock-is-stretching-danni-rivers-pussy-xhP79Oy,https://xhamster.com/videos/robs-thundercock-is-stretching-danni-rivers-pussy-xhP79Oy,,⚡ Rob's Thundercock is Stretching Danni Rivers Pussy!,"https://ic-vt-nss.xhpingcdn.com/a/YzVjMDBhNTNlOTgxYWU1ZTVlNTY2ZmI4MmEzYmNhOTM/s(w:1280,h:720),webp/024/128/161/1280x720.17032145.jpg","Watch ⚡ Rob's Thundercock is Stretching Danni Rivers Pussy! porn. Starring: Rob Piper. Category: Cum Swallowing, Petite, BBC, Cum in Mouth, Eating Pussy. Enjoy this Full-Length HD XXX sex video and more!",videos,,,,,
https://xhamster.com/videos/petite-teen-winter-jade-seduces-stepdaddy-while-stepmom-is-away-xhIedQc,https://xhamster.com/videos/petite-teen-winter-jade-seduces-stepdaddy-while-stepmom-is-away-xhIedQc,,Petite Teen Winter Jade Seduces Stepdaddy While Stepmom Is Away,"https://ic-vt-nss.xhpingcdn.com/a/YjM1YTExZGQ1YmMxZTFhZmFmMzFkMGEwZGVmNmMzZjI/s(w:1280,h:720),webp/029/880/510/1280x720.17814657.jpg","Watch Petite Teen Winter Jade Seduces Stepdaddy While Stepmom Is Away porn. Starring: Filthy Rich, Aubree Valentine, Gal Ritchie, Juniper Ren. Channel: Dad Crush. Category: Taboo, Missionary, Couple, POV, Doggy Style. Enjoy this Full-Length HD XXX sex video and more!",videos,,,,,
https://xhamster.com/videos/stepsis-says-i-can-make-you-cum-xhStcPQ,https://xhamster.com/videos/stepsis-says-i-can-make-you-cum-xhStcPQ,,"Stepsis Says, I can make you cum!","https://ic-vt-nss.xhpingcdn.com/a/OTM5YTM3OGYxMmRjMjU4MWM4NmMxNDRjMzdhNTkxM2U/s(w:1280,h:720),webp/022/064/366/v2/2560x1440.225.webp","Watch Stepsis Says, I can make you cum! porn. Starring: Jay Romero, Jane Rogers. Channel: Princess Cum. Category: Long Hair, Redhead, Deep Throat, Cowgirl, Eating Pussy. Enjoy this Full-Length HD XXX sex video and more!",videos,,,,,
https://xhamster.com/videos/sisswap-bored-girls-sophia-leone-and-payton-avery-surprise-their-stepbros-with-passionate-blowjobs-xhBMLGw,https://xhamster.com/videos/sisswap-bored-girls-sophia-leone-and-payton-avery-surprise-their-stepbros-with-passionate-blowjobs-xhBMLGw,,SisSwap - Bored Girls Sophia Leone And Payton Avery Surprise Their Stepbros With Passionate Blowjobs,"https://ic-vt-nss.xhpingcdn.com/a/MWE3Y2M0YWUxZGU0MjBkMmJkYWFlZGZmMzQzYWZiNGY/s(w:1280,h:720),webp/022/463/478/1280x720.17298323.jpg","Watch SisSwap - Bored Girls Sophia Leone And Payton Avery Surprise Their Stepbros With Passionate Blowjobs porn. Starring: James Angel, Jayden Marcos. Channel: Swappz. Category: Foursome, Taboo, Deep Throat, Cowgirl, Handjob. Enjoy this Full-Length HD XXX sex video and more!",videos,,,,,
https://xhamster.com/videos/graduation-reward-xhuXjqK,https://xhamster.com/videos/graduation-reward-xhuXjqK,,Graduation Reward,"https://ic-vt-nss.xhpingcdn.com/a/MzlkNmVkNDMwZGNiOTViODA0NzAzZWIxOGFhZWNiOTk/s(w:1280,h:720),webp/029/926/197/1280x720.17821330.jpg","Watch Graduation Reward porn. Starring: Kenzie Taylor, Alex Jett. Channel: Family Strokes. Category: Riding, Facial, Couple, Blonde, Hardcore. Enjoy this Full-Length HD XXX sex video and more!",videos,,,,,
https://xhamster.com/videos/care-for-your-siblings-xhUB7t3,https://xhamster.com/videos/care-for-your-siblings-xhUB7t3,,Care for Your Siblings,"https://ic-vt-nss.xhpingcdn.com/a/MzI5M2I3NjI1NWMyYTViOGNiZGQzNmE1YWQ3OTE4NjM/s(w:1280,h:720),webp/029/843/723/1280x720.17815303.jpg","Watch Care for Your Siblings porn. Starring: Richie Black, Stacey LeAnn. Channel: Family Strokes. Category: Bathroom, Taboo, Massage, Redhead, Cute. Enjoy this Full-Length HD XXX sex video and more!",videos,,,,,
https://xhamster.com/videos/i-am-yours-beautiful-bengali-sister-in-law-with-my-step-brother-hear-my-bedroom-full-sex-enjoy-xh2SoBQ,https://xhamster.com/videos/i-am-yours-beautiful-bengali-sister-in-law-with-my-step-brother-hear-my-bedroom-full-sex-enjoy-xh2SoBQ,,I am yours Beautiful bengali sister in law with My step Brother hear My bedroom full sex enjoy,"https://ic-vt-nss.xhpingcdn.com/a/M2NiMzViOWU2ZjgxMmRjYzllZDU4OWNiZmU3Y2I3M2E/s(w:1280,h:720),webp/029/854/481/1280x720.17816344.jpg","Watch I am yours Beautiful bengali sister in law with My step Brother hear My bedroom full sex enjoy porn. Starring: Soberingvogue. Category: Ass to Mouth, Romantic, Kissing, Cute, Missionary. Enjoy this Full-Length 4K XXX sex video and more!",videos,,,,,
https://xhamster.com/videos/my-eyes-are-up-here-s18-e6-xh5Icbn,https://xhamster.com/videos/my-eyes-are-up-here-s18-e6-xh5Icbn,,My Eyes Are Up Here - S18:E6,"https://ic-vt-nss.xhpingcdn.com/a/NDIzOWRjNzIyMGU2MTM0MGM2YjEyMDEwMTU1NzRkNDk/s(w:1280,h:720),webp/024/157/658/v2/2560x1440.207.webp","Watch My Eyes Are Up Here - S18:E6 porn. Starring: Matt Bird, Simon Kitty. Channel: NfBusty. Category: Boss, Office, Cum on Tits, Titty Fucking, Stockings. Enjoy this Full-Length HD XXX sex video and more!",videos,,,,,
https://xhamster.com/videos/skinny-petite-stepsis-first-time-xh8tGbG,https://xhamster.com/videos/skinny-petite-stepsis-first-time-xh8tGbG,,Skinny Petite Stepsis First Time,"https://ic-vt-nss.xhpingcdn.com/a/YmViZjU4ZWQ2ZjFhYjhmMTYzYzY3NDYyMmM0NDI0ZGU/s(w:1280,h:720),webp/027/675/022/v2/2560x1440.205.webp","Watch Skinny Petite Stepsis First Time porn. Starring: Bella Gray, Tiny Asian Fucker. Category: Missionary, Small Tits, Couple, Blonde, Doggy Style. Enjoy this Full-Length HD XXX sex video and more!",videos,,,,,
https://xhamster.com/videos/the-ultimate-workout-s17-e5-xhPMlxN,https://xhamster.com/videos/the-ultimate-workout-s17-e5-xhPMlxN,,The Ultimate Workout - S17:E5,"https://ic-vt-nss.xhpingcdn.com/a/ODRmZGFlZGJlMTE3OWZiODJmNTEyMzNiYjExYzFmMWI/s(w:1280,h:720),webp/024/051/161/v2/2560x1440.205.webp","Watch The Ultimate Workout - S17:E5 porn. Starring: Renato, Simon Kitty. Channel: NfBusty. Category: Gym, Cum on Tits, Titty Fucking, Big Natural Tits, Brunette. Enjoy this Full-Length HD XXX sex video and more!",videos,,,,,
https://xhamster.com/videos/my-stepbrother-took-my-virginity-featuring-alessa-savage-xhXOTTQ,https://xhamster.com/videos/my-stepbrother-took-my-virginity-featuring-alessa-savage-xhXOTTQ,,My Stepbrother Took My Virginity Featuring Alessa Savage &,"https://ic-vt-nss.xhpingcdn.com/a/NzI2ZmY1MzZhNzYxZDdhYWJjOGM4ZDJiM2FkN2Q2YWM/s(w:1280,h:720),webp/026/263/206/v2/2560x1440.216.webp","Watch My Stepbrother Took My Virginity Featuring Alessa Savage & porn. Starring: Sam Bourne. Channel: Vintagex. Category: BDSM, German, Orgasm, Tits, Cumshot. Enjoy this Full-Length HD XXX sex video and more!",videos,,,,,
https://xhamster.com/videos/im-getting-fucked-in-all-my-tight-holes-by-two-big-cocks-xhOJFv7,https://xhamster.com/videos/im-getting-fucked-in-all-my-tight-holes-by-two-big-cocks-xhOJFv7,,I'm Getting Fucked in All My Tight Holes by Two Big Cocks,"https://ic-vt-nss.xhpingcdn.com/a/MzFiNDRhZGUxYWFkYzlmMGRjN2IwMzM1MWI4OTE5MTk/s(w:1280,h:720),webp/029/835/070/1280x720.17815406.jpg","Watch I'm Getting Fucked in All My Tight Holes by Two Big Cocks porn. Starring: Bella Gray, Valterkaro. Category: Rough Anal, Double Penetration, Cum in Mouth, Threesome, Babe. Enjoy this Full-Length 4K XXX sex video and more!",videos,,,,,
https://xhamster.com/videos/7-minutes-of-running-but-youll-cum-faster-try-not-to-cum-during-the-challenge-xhd5gFw,https://xhamster.com/videos/7-minutes-of-running-but-youll-cum-faster-try-not-to-cum-during-the-challenge-xhd5gFw,,"7 Minutes of Running, but You'll Cum Faster. Try Not to Cum During the Challenge","https://ic-vt-nss.xhpingcdn.com/a/MzQyMzJkMDY0ZGQ3M2ZkM2ViZGM2ODM5YmQ5YTA1OGE/s(w:1280,h:720),webp/028/893/838/v2/2560x1440.202.webp","Watch 7 Minutes of Running, but You'll Cum Faster. Try Not to Cum During the Challenge porn. Starring: Yulieth Gomez. Category: BBW, Latina, Doggy Style, Ass, Mature. Enjoy this Full-Length HD XXX sex video and more!",videos,,,,,
https://xhamster.com/videos/hot-girl-fuked-by-big-dick-cock-tight-pushy-xhCfC9H,https://xhamster.com/videos/hot-girl-fuked-by-big-dick-cock-tight-pushy-xhCfC9H,,Hot girl fuked by big  dick cock tight pushy,"https://ic-vt-nss.xhpingcdn.com/a/M2ZkMTliNmVhOGZjYjNjODE4YzdkNzRkYjZkNmJlNGE/s(w:1280,h:720),webp/029/751/277/1280x720.17804909.jpg","Watch Hot girl fuked by big dick cock tight pushy porn. Starring: Priyaqueen. Category: Extreme Insertion, Anal Masturbation, Striptease, Titty Fucking, Indian. Enjoy this Full-Length HD XXX sex video and more!",videos,,,,,
https://xhamster.com/videos/desi-hot-chudai-xhI8u1h,https://xhamster.com/videos/desi-hot-chudai-xhI8u1h,,Desi Hot Chudai,"https://ic-vt-nss.xhpingcdn.com/a/Nzg1ODg4MTQ2YTk1YThlNWJiYjc5MzM5OGEyYjNjZGY/s(w:1280,h:720),webp/029/645/024/v2/2560x1440.258.webp","Watch Desi Hot Chudai porn. Starring: Shahilsingh119. Category: Missionary, Indian, Cowgirl, Couple, Doggy Style. Enjoy this Full-Length HD XXX sex video and more!",videos,,,,,
https://xhamster.com/videos/very-nice-desi-chudai-xhiEG5I,https://xhamster.com/videos/very-nice-desi-chudai-xhiEG5I,,Very Nice Desi Chudai,"https://ic-vt-nss.xhpingcdn.com/a/NTcwMWUyMTdmNDZjY2M2YTU5YjFiZDM5NzdkMGI2NWU/s(w:1280,h:720),webp/029/495/318/v2/2560x1440.231.webp","Watch Very Nice Desi Chudai porn. Starring: Shahilsingh119. Category: Missionary, Indian, Couple, Homemade, Blowjob. Enjoy this Full-Length HD XXX sex video and more!",videos,,,,,
https://xhamster.com/videos/newly-married-indian-couple-first-night-sex-huge-cum-on-face-big-cock-xhpfKnX,https://xhamster.com/videos/newly-married-indian-couple-first-night-sex-huge-cum-on-face-big-cock-xhpfKnX,,Newly Married Indian Couple First Night Sex Huge Cum on Face Big Cock,"https://ic-vt-nss.xhpingcdn.com/a/OWJkYTk4MDQ2NzFkOTkzYTg0ODVlYjBjZTg0ZjRkMjA/s(w:1280,h:720),webp/029/732/980/v2/2560x1440.226.webp","Watch Newly Married Indian Couple First Night Sex Huge Cum on Face Big Cock porn. Starring: Hotdostt. Category: First Time, Desi, Tight Pussy, Creampie, Asian. Enjoy this Full-Length HD XXX sex video and more!",videos,,,,,
https://xhamster.com/videos/desi-couple-sex-xhLQaYz,https://xhamster.com/videos/desi-couple-sex-xhLQaYz,,Desi Couple Sex,"https://ic-vt-nss.xhpingcdn.com/a/NjE4ZmY2MGI5M2QwNWM0ZGRiZjU2NGVkMjJmMzI5YTM/s(w:1280,h:720),webp/029/575/930/v2/2560x1440.213.webp","Watch Desi Couple Sex porn. Starring: Sweetsex2001. Category: Chubby, Missionary, Indian, Handjob, Doggy Style. Enjoy this Full-Length HD XXX sex video and more!",videos,,,,,
https://xhamster.com/videos/hairy-teen-blonde-grabs-fat-schlong-for-sexual-fun-xh5IiWa,https://xhamster.com/videos/hairy-teen-blonde-grabs-fat-schlong-for-sexual-fun-xh5IiWa,,Hairy Teen Blonde Grabs Fat Schlong for Sexual Fun,"https://ic-vt-nss.xhpingcdn.com/a/MTIxZTkzYzJjOWZjZTc5MjkxNzAxNWQzNmQ3Zjg2MDk/s(w:1280,h:720),webp/029/787/158/v2/2560x1440.207.webp","Watch Hairy Teen Blonde Grabs Fat Schlong for Sexual Fun porn. Starring: Charlie Dean, Freya Mayer. Channel: Real Agent. Category: Facial, Eating Pussy, Small Tits, European, Couple. Enjoy this Full-Length 4K XXX sex video and more!",videos,,,,,
https://xhamster.com/videos/a-badass-hookup-wrecks-latina-babe-vanna-bardot-wet-snatch-xhkJ6IW,https://xhamster.com/videos/a-badass-hookup-wrecks-latina-babe-vanna-bardot-wet-snatch-xhkJ6IW,,A Badass Hookup Wrecks Latina Babe Vanna Bardot Wet Snatch,"https://ic-vt-nss.xhpingcdn.com/a/MWM3MjI1YTkzYzkzMzgxMDRkM2E3OWE1NTAwZTMwMjc/s(w:1280,h:720),webp/025/835/154/v2/2560x1440.281.webp","Watch A Badass Hookup Wrecks Latina Babe Vanna Bardot Wet Snatch porn. Starring: Bryan Gozzling. Channel: Hook Up Hot Shot. Category: Face Fuck, Brutal Sex, Rough Sex, Facial, Eating Pussy. Enjoy this Full-Length 4K XXX sex video and more!",videos,,,,,
https://xhamster.com/videos/tight-pussy-doesnt-stop-squirting-after-getting-2-huge-cocks-at-once-jessie-pony-xh4mUWj,https://xhamster.com/videos/tight-pussy-doesnt-stop-squirting-after-getting-2-huge-cocks-at-once-jessie-pony-xh4mUWj,,Tight Pussy Doesn't Stop Squirting After Getting 2 Huge Cocks at Once - Jessie Pony,"https://ic-vt-nss.xhpingcdn.com/a/ZDQ2ZDI0NWU4NGZlYTM1NWNhMjZkNzZmNWQxYzZjMWM/s(w:1280,h:720),webp/029/259/019/v2/2560x1440.258.webp","Watch Tight Pussy Doesn't Stop Squirting After Getting 2 Huge Cocks at Once - Jessie Pony porn. Starring: Mick Blue, Jimmy Bud. Category: Nympho, Cum Swallowing, Double Penetration, Rough Sex, Cum in Mouth. Enjoy this Full-Length HD XXX sex video and more!",videos,,,,,
https://xhamster.com/videos/why-are-you-stealing-my-panties-step-bro-xhuTa4g,https://xhamster.com/videos/why-are-you-stealing-my-panties-step-bro-xhuTa4g,,Why Are You Stealing My Panties... Step Bro?,"https://ic-vt-nss.xhpingcdn.com/a/YTc1YmE4ZWE0NDljODcxNThkNTEyNzgwNjdiNWZmYWI/s(w:1280,h:720),webp/029/654/592/1280x720.17794479.jpg","Watch Why Are You Stealing My Panties... Step Bro? porn. Starring: Comatozze. Category: Taboo, 69, Eating Pussy, Babe, Cumshot. Enjoy this Full-Length HD XXX sex video and more!",videos,,,,,
https://xhamster.com/videos/venezuelan-beauty-fucked-raw-until-she-gets-a-full-creampie-xhTtUpJ,https://xhamster.com/videos/venezuelan-beauty-fucked-raw-until-she-gets-a-full-creampie-xhTtUpJ,,Venezuelan Beauty Fucked Raw Until She Gets a Full Creampie,"https://ic-vt-nss.xhpingcdn.com/a/MDljOGZhZGI5OWRhNmM0ZjlhMjcxOWE4YTIzYzQ0NzQ/s(w:1280,h:720),webp/029/617/311/v2/2560x1440.286.webp","Watch Venezuelan Beauty Fucked Raw Until She Gets a Full Creampie porn. Starring: Sara Retali, Gattouz0. Category: Rough Sex, Pornstar, Latina, Doggy Style, Hardcore. Enjoy this Full-Length HD XXX sex video and more!",videos,,,,,
https://xhamster.com/videos/stepdad-fucks-hot-teen-stepdaughter-she-ends-up-with-a-creampie-13683665,https://xhamster.com/videos/stepdad-fucks-hot-teen-stepdaughter-she-ends-up-with-a-creampie-13683665,,"Stepdad fucks Hot Teen Stepdaughter, she ends up with a Creampie","https://ic-vt-nss.xhpingcdn.com/a/MWQ1NGNhMGM2YWFiMGRiOGNjMzEyYzU0MzUxZmQ1MTc/s(w:1280,h:720),webp/013/683/665/v2/2560x1440.224.webp","Watch Stepdad fucks Hot Teen Stepdaughter, she ends up with a Creampie porn. Starring: Cassandra Nix. Channel: Must not fap. Category: Daddy, Big Cock, Nude. Enjoy this HD XXX sex video and more!",videos,,,,,
https://xhamster.com/videos/evil-angel-tiny-cutie-takes-triple-vaginal-penetration-in-wild-gangbang-xhCCFW3,https://xhamster.com/videos/evil-angel-tiny-cutie-takes-triple-vaginal-penetration-in-wild-gangbang-xhCCFW3,,EVIL ANGEL - Tiny Cutie Takes TRIPLE VAGINAL PENETRATION in WILD Gangbang,"https://ic-vt-nss.xhpingcdn.com/a/ZDk1N2MzYWJmNzU5NDc5NzdlZDE4M2ZjNWMxM2UyZTk/s(w:1280,h:720),webp/028/452/892/1280x720.17676361.jpg","Watch EVIL ANGEL - Tiny Cutie Takes TRIPLE VAGINAL PENETRATION in WILD Gangbang porn. Starring: Michael Fly, Liam Salvatore, Tomas Fuk, Max Born, Sofia Smith. Category: Gaping, Double Penetration, Small Tits, Anal, Teen. Enjoy this HD XXX sex video and more!",videos,,,,,
https://xhamster.com/videos/pigtailed-stepdaughter-gets-creampie-surprise-xh3Xy9g,https://xhamster.com/videos/pigtailed-stepdaughter-gets-creampie-surprise-xh3Xy9g,,Pigtailed Stepdaughter Gets Creampie Surprise,"https://ic-vt-nss.xhpingcdn.com/a/ZDY4MTFjOTE0Nzk3ZmEzYmUxZjA3YzgxZjRkMTgwZGE/s(w:1280,h:720),webp/029/490/484/1280x720.17786499.jpg","Watch Pigtailed Stepdaughter Gets Creampie Surprise porn. Starring: Melody Marks. Channel: Get Your Fix. Category: Daddy, Moaning, POV, Blonde, Big Cock. Enjoy this Full-Length HD XXX sex video and more!",videos,,,,,
https://xhamster.com/videos/stepdaughter-freeze-fucked-18-year-old-chubby-leana-lovings-gets-cum-in-mouth-from-stepdad-xhcBRl7,https://xhamster.com/videos/stepdaughter-freeze-fucked-18-year-old-chubby-leana-lovings-gets-cum-in-mouth-from-stepdad-xhcBRl7,,Stepdaughter Freeze Fucked - 18 Year Old Chubby Leana Lovings Gets Cum In Mouth From Stepdad,"https://ic-vt-nss.xhpingcdn.com/a/MjczZDIzNGUyZDQ5YTY5NmU1YTg0MDZmNmM2YTgzYTM/s(w:1280,h:720),webp/029/129/632/1280x720.17745844.jpg","Watch Stepdaughter Freeze Fucked - 18 Year Old Chubby Leana Lovings Gets Cum In Mouth From Stepdad porn. Starring: Ryan Driller. Category: Time Stop, Mind Control, Story, Fingering, Cumshot. Enjoy this Full-Length 4K XXX sex video and more!",videos,,,,,
https://xhamster.com/videos/hard-sex-against-an-unfortunate-cute-girl-4k-hd-tim-team-xhirysJ,https://xhamster.com/videos/hard-sex-against-an-unfortunate-cute-girl-4k-hd-tim-team-xhirysJ,,Hard Sex Against an Unfortunate Cute Girl. 4K HD Tim Team,"https://ic-vt-nss.xhpingcdn.com/a/ODA0NmYxYWQwYzlkYzEwMjEzN2Y2NWI1OGU2YjVjYTk/s(w:1280,h:720),webp/027/826/491/v2/2560x1440.233.webp","Watch Hard Sex Against an Unfortunate Cute Girl. 4K HD Tim Team porn. Starring: Tim Deen. Category: Smothering, Spitting, Face Fuck, Moaning, Brutal Sex. Enjoy this Full-Length XXX sex video and more!",videos,,,,,
https://xhamster.com/videos/1st-bbg-for-busty-texas-babe-featuring-asteria-jade-with-gi-joey-and-tony-rubino-xhsxpFC,https://xhamster.com/videos/1st-bbg-for-busty-texas-babe-featuring-asteria-jade-with-gi-joey-and-tony-rubino-xhsxpFC,,1st Bbg for Busty Texas Babe Featuring Asteria Jade with Gi Joey and Tony Rubino,"https://ic-vt-nss.xhpingcdn.com/a/MmM1MDFjNTZmNGE1NWRjY2EwMDg2MWY5NjUzYzM3MWQ/s(w:1280,h:720),webp/027/473/815/v2/2560x1440.290.webp","Watch 1st Bbg for Busty Texas Babe Featuring Asteria Jade with Gi Joey and Tony Rubino porn. Channel: Hussie Pass. Category: BWC, Deep Throat, Threesome, Facial, Eating Pussy. Enjoy this Full-Length 4K XXX sex video and more!",videos,,,,,
https://xhamster.com/videos/my-stepdaughters-big-goth-tits-on-full-display-xhlvwKN,https://xhamster.com/videos/my-stepdaughters-big-goth-tits-on-full-display-xhlvwKN,,My Stepdaughter's Big Goth Tits on Full Display,"https://ic-vt-nss.xhpingcdn.com/a/MjIyZmRiZWM4NjFjYjY1YWZmZjU1NWE0ODc1MmRjMDk/s(w:1280,h:720),webp/025/324/693/1280x720.17285314.jpg","Watch My Stepdaughter's Big Goth Tits on Full Display porn. Starring: Aaliyah Love, Penny Barber, Jack Vegas, Coco Lovelock, Fiona Frost. Channel: Dad Crush. Category: Deep Throat, Pornstar, 18 Year Old, Fingering, POV. Enjoy this HD XXX sex video and more!",videos,,,,,
https://xhamster.com/videos/risky-birthday-capers-with-stepdad-xh0fuZR,https://xhamster.com/videos/risky-birthday-capers-with-stepdad-xh0fuZR,,Risky Birthday Capers with Stepdad,"https://ic-vt-nss.xhpingcdn.com/a/ZDAwZjQwNzFkOTZjYzgxOGMxNGE5NTcyZjMwOTQ5ZDA/s(w:1280,h:720),webp/029/804/208/1280x720.17812820.jpg","Watch Risky Birthday Capers with Stepdad porn. Starring: Jack Vegas, Summer Avery, Jessica Rex. Channel: Family Strokes. Category: Taboo, Skinny, Missionary, Riding, Eating Pussy. Enjoy this Full-Length XXX sex video and more!",videos,,,,,
https://xhamster.com/videos/fuck-21098-xhBotni,https://xhamster.com/videos/fuck-21098-xhBotni,,fuck 21098,"https://ic-vt-nss.xhpingcdn.com/a/NDkyYjBlMTI2MTQzMDdjOTM2OGY0OGZhNmExY2Q2MGE/s(w:1280,h:720),webp/020/286/010/2560x1440.2.webp","Watch fuck 21098 porn. Starring: Jake Adams, Sera Ryder. Category: Nude. Enjoy this HD XXX sex video and more!",videos,,,,,
https://xhamster.com/videos/taking-charge-of-my-step-sisters-s14-e2-xhMwQwx,https://xhamster.com/videos/taking-charge-of-my-step-sisters-s14-e2-xhMwQwx,,Taking Charge of My Step Sisters - S14:e2,"https://ic-vt-nss.xhpingcdn.com/a/ZDkwMWFkZGUyZGNhYWZhNWUwZjEyZmZkNDY4ZGE3YjE/s(w:1280,h:720),webp/025/742/558/v2/2560x1440.203.webp","Watch Taking Charge of My Step Sisters - S14:e2 porn. Starring: Lady Dee, Kate Rich. Channel: Step Siblings Caught. Category: Facesitting, Taboo, Russian, Cum in Mouth, Pornstar. Enjoy this Full-Length HD XXX sex video and more!",videos,,,,,
https://xhamster.com/videos/swapbro-says-maybe-we-could-feel-your-pussies-xhdMlNq,https://xhamster.com/videos/swapbro-says-maybe-we-could-feel-your-pussies-xhdMlNq,,"Swapbro Says, Maybe we could feel your pussies?!","https://ic-vt-nss.xhpingcdn.com/a/MzhjNmM1OTM0NDBjYzgyZmNmMDU2N2E1ZTkyYTMwZjY/s(w:1280,h:720),webp/022/623/122/v2/2560x1440.217.webp","Watch Swapbro Says, Maybe we could feel your pussies?! porn. Starring: Madison Summers, Clarke Kent, Ricky Spanish, Jordan Maxx. Channel: Family Swap. Category: Long Hair, Big Nipples, Rough Sex, Cowgirl, Big Natural Tits. Enjoy this Full-Length HD XXX sex video and more!",videos,,,,,
https://xhamster.com/videos/mischievous-stepsisters-nicole-aria-dharma-jones-take-turns-riding-stepbros-big-dick-sislovesme-xhMUyLb,https://xhamster.com/videos/mischievous-stepsisters-nicole-aria-dharma-jones-take-turns-riding-stepbros-big-dick-sislovesme-xhMUyLb,,Mischievous Stepsisters Nicole Aria & Dharma Jones Take Turns Riding Stepbro's Big Dick - SisLovesMe,"https://ic-vt-nss.xhpingcdn.com/a/ZDcyN2E3NjlkMjQ0NWM1YWMyMTE5NjkyZmM0MzEzYTk/s(w:1280,h:720),webp/023/568/635/1280x720.17284431.jpg","Watch Mischievous Stepsisters Nicole Aria & Dharma Jones Take Turns Riding Stepbro's Big Dick - SisLovesMe porn. Channel: Team Skeet. Category: Role Play, Taboo, Lesbian, Threesome, Small Tits. Enjoy this Full-Length HD XXX sex video and more!",videos,,,,,
https://xhamster.com/videos/i-thought-my-partner-was-gay-but-he-the-delivery-girl-when-i-go-to-get-the-cash-xhqMRtG,https://xhamster.com/videos/i-thought-my-partner-was-gay-but-he-the-delivery-girl-when-i-go-to-get-the-cash-xhqMRtG,,I Thought My Partner Was Gay but He the Delivery Girl When I Go to Get the Cash,"https://ic-vt-nss.xhpingcdn.com/a/NGUxY2QzM2U2NzQ2OTE4MmRlMWZjZGM4NDY4MGYzZjQ/s(w:1280,h:720),webp/029/494/765/v2/2560x1440.211.webp","Watch I Thought My Partner Was Gay but He the Delivery Girl When I Go to Get the Cash porn. Starring: Keila Bassi, limonproducciones7. Category: Argentinian, Kitchen, Cheating, Tattoo, Latina. Enjoy this Full-Length 4K XXX sex video and more!",videos,,,,,
https://xhamster.com/videos/curvy-redhead-girl-annabel-redd-blows-her-affectionate-step-daddy-dadcrush-xhjw7SV,https://xhamster.com/videos/curvy-redhead-girl-annabel-redd-blows-her-affectionate-step-daddy-dadcrush-xhjw7SV,,Curvy Redhead Girl Annabel Redd Blows Her Affectionate Step-daddy - DadCrush,"https://ic-vt-nss.xhpingcdn.com/a/Mzg4ZmRiMTdkNGY1NjdjMGQzNTk5NjNjY2NiZTE0NDQ/s(w:1280,h:720),webp/023/488/056/1280x720.17344543.jpg","Watch Curvy Redhead Girl Annabel Redd Blows Her Affectionate Step-daddy - DadCrush porn. Starring: Ike Diezel. Category: Old & Young, Pornstar, POV, American, Big Cock. Enjoy this Full-Length HD XXX sex video and more!",videos,,,,,
https://xhamster.com/videos/stepsis-says-i-want-to-make-babies-with-him-xhcMHJM,https://xhamster.com/videos/stepsis-says-i-want-to-make-babies-with-him-xhcMHJM,,"Stepsis Says, I want to make babies with him","https://ic-vt-nss.xhpingcdn.com/a/ZDA5ZDg1MzdhOWNmYmIxOGM2NjY0MGI0NTYxYTUwMWI/s(w:1280,h:720),webp/022/525/814/v2/2560x1440.217.webp","Watch Stepsis Says, I want to make babies with him porn. Starring: Lola Fae, Lucky Fate. Channel: My Family Pies. Category: Long Hair, Petite, Tattoo, Rough Sex, Deep Throat. Enjoy this Full-Length HD XXX sex video and more!",videos,,,,,
https://xhamster.com/videos/stepsis-sera-ryder-slips-off-her-soaked-panties-for-cock-xhsNY3B,https://xhamster.com/videos/stepsis-sera-ryder-slips-off-her-soaked-panties-for-cock-xhsNY3B,,Stepsis Sera Ryder Slips Off Her Soaked Panties For Cock,"https://ic-vt-nss.xhpingcdn.com/a/YmNhOTM0NTJlZTIxYjE5MjE5ZjNlNGQzOTY3NzFjM2Y/s(w:1280,h:720),webp/029/531/039/v2/2560x1440.202.webp","Watch Stepsis Sera Ryder Slips Off Her Soaked Panties For Cock porn. Starring: Tyler Nixon. Channel: Family XXX. Category: Babysitter, Student, Perfect Body, Deep Throat, Facial. Enjoy this Full-Length HD XXX sex video and more!",videos,,,,,
https://xhamster.com/videos/sislovesme-beautiful-stepsisters-alexa-grace-emma-hix-getting-their-pink-tight-pussies-pounded-xhs33h0,https://xhamster.com/videos/sislovesme-beautiful-stepsisters-alexa-grace-emma-hix-getting-their-pink-tight-pussies-pounded-xhs33h0,,SisLovesMe - Beautiful Stepsisters Alexa Grace & Emma Hix Getting Their Pink Tight Pussies Pounded,"https://ic-vt-nss.xhpingcdn.com/a/YzU1MmYxNDM1ZTAyYmY4MjQzYzQ2MDA0YTc3MjZiZjE/s(w:1280,h:720),webp/023/439/581/1280x720.17299617.jpg","Watch SisLovesMe - Beautiful Stepsisters Alexa Grace & Emma Hix Getting Their Pink Tight Pussies Pounded porn. Starring: Jake Adams. Channel: Team Skeet. Category: Facesitting, Taboo, Skinny, Lesbian, Threesome. Enjoy this Full-Length HD XXX sex video and more!",videos,,,,,
https://xhamster.com/videos/melania-dark-takes-dick-xhy15mn,https://xhamster.com/videos/melania-dark-takes-dick-xhy15mn,,Melania Dark Takes Dick,"https://ic-vt-nss.xhpingcdn.com/a/NmFlY2QwZDE1ZmQ2ZDExY2Q0ZTE3NDljNGM5MThjODU/s(w:1280,h:720),webp/024/987/528/v2/2560x1440.295.webp","Watch Melania Dark Takes Dick porn. Starring: Tommy Cabrio. Channel: Porn Fidelity. Category: Colombian, Tattoo, Tight Pussy, Cowgirl, Eating Pussy. Enjoy this Full-Length HD XXX sex video and more!",videos,,,,,
https://xhamster.com/videos/petitehdporn-hot-brunette-tina-grey-loves-the-taste-of-cum-xhk5j8j,https://xhamster.com/videos/petitehdporn-hot-brunette-tina-grey-loves-the-taste-of-cum-xhk5j8j,,PetiteHDPorn - Hot Brunette Tina Grey Loves The Taste of Cum,"https://ic-vt-nss.xhpingcdn.com/a/MWNlOGQxMWE5N2JlMjU1ZTgxMzU3YzA2NzZhOGEzZDU/s(w:1280,h:720),webp/021/880/889/v2/2560x1440.204.webp","Watch PetiteHDPorn - Hot Brunette Tina Grey Loves The Taste of Cum porn. Starring: Martin Spell. Channel: Nubiles. Category: Long Hair, Russian, Cowgirl, Eating Pussy, European. Enjoy this Full-Length XXX sex video and more!",videos,,,,,
https://xhamster.com/videos/the-upgrade-s18-e8-xhvdG08,https://xhamster.com/videos/the-upgrade-s18-e8-xhvdG08,,The Upgrade - S18:E8,"https://ic-vt-nss.xhpingcdn.com/a/NzhiZWFlMDUwYmFmM2VjNWFmMjkzN2U5MDQyZTRlZTk/s(w:1280,h:720),webp/024/243/385/v2/2560x1440.201.webp","Watch The Upgrade - S18:E8 porn. Starring: Damon Dice, Jessica Starling. Channel: NfBusty. Category: Cum on Tits, Massage, Titty Fucking, Pornstar, Handjob. Enjoy this Full-Length HD XXX sex video and more!",videos,,,,,
https://xhamster.com/videos/madi-collins-amateur-redhead-takes-creampie-xho5x2s,https://xhamster.com/videos/madi-collins-amateur-redhead-takes-creampie-xho5x2s,,Madi Collins – Amateur Redhead takes creampie,"https://ic-vt-nss.xhpingcdn.com/a/MWE1YmEwZTIxYTc0MjBhNDAyNWM4OGIwZTAyMWVhMWM/s(w:1280,h:720),webp/021/676/343/v2/2560x1440.236.webp","Watch Madi Collins – Amateur Redhead takes creampie porn. Channel: Atk GirlFriends Chanel. Category: Cowgirl, Eating Pussy, POV, American, Hardcore. Enjoy this Full-Length 4K XXX sex video and more!",videos,,,,,